Country,Text,Translation,Type,Item,Region1,Region2,Region3,Region4,W1,W2,W3,W4,W5,W6,W7,W8,W9,W10,W11,W12,W13,W14,Region1_Surprisal,Region2_Surprisal,Region3_Surprisal,Region4_Surprisal
BCS,Conocían al atleta que venció finalmente al corredor el año pasado.,They knew the athlete that finally beat the runner last year.,SAA,1,5,6,7-8,9-11,24.739559,3.221467,8.366562,2.64627,7.151188,8.226787,2.036167,5.265888,6.913743,5.602926,0.057521,,,,7.151188,8.226787,7.302055,12.57419
BCS,Conocían la enfermedad que venció finalmente al corredor el año pasado.,They knew the illness that finally beat the runner last year.,SIA,1,5,6,7-8,9-11,24.739559,2.059099,4.11334,3.578469,7.640401,8.929851,1.625242,8.620382,6.660711,2.339845,0.034382,,,,7.640401,8.929851,10.245624,9.034938
BCS,Conocían al atleta que venció finalmente el corredor el año pasado.,They knew the athlete that the runner finally beat last year.,OAA,1,5,6,7-8,9-11,24.739559,3.221467,8.366562,2.64627,7.151188,8.226787,2.924604,5.346605,6.700311,5.546447,0.101823,,,,7.151188,8.226787,8.271209,12.348581
BCS,Conocían la enfermedad que venció finalmente el corredor el año pasado.,They knew the illness that the runner finally beat last year.,OIA,1,5,6,7-8,9-11,24.739559,2.059099,4.11334,3.578469,7.640401,8.929851,4.658483,7.281806,6.651262,2.340263,0.035147,,,,7.640401,8.929851,11.940289,9.026672
BCS,Antonio leyó al periodista que criticó duramente al escritor durante el certamen.,Antonio read to the journalist that harshly criticized the writer during the meeting.,SAA,2,6,7,8-9,10-11,11.137218,25.507768,6.20917,6.109677,2.260271,7.599597,5.101185,2.009949,6.687793,5.47922,1.832571,6.998983,,,7.599597,5.101185,8.697742,7.311791
BCS,Antonio leyó el artículo que criticó duramente al escritor durante el certamen.,Antonio read the article that harshly criticized the writer during the meeting.,SIA,2,6,7,8-9,10-11,11.137202,25.507762,1.406667,2.407418,2.782373,12.445862,5.166128,2.22679,5.730012,7.616905,1.967612,8.433997,,,12.445862,5.166128,7.956802,9.584517
BCS,Antonio leyó al periodista que criticó duramente el escritor durante el certamen.,Antonio read to the journalist that the writer harshly criticized during the meeting.,OAA,2,6,7,8-9,10-11,11.137218,25.507768,6.20917,6.109677,2.260271,7.599597,5.101185,2.29879,8.322642,5.309134,1.789859,7.099003,,,7.599597,5.101185,10.621432,7.098993
BCS,Antonio leyó el artículo que criticó duramente el escritor durante el certamen.,Antonio read the article that the writer harshly criticized during the meeting.,OIA,2,6,7,8-9,10-11,11.137202,25.507762,1.406667,2.407418,2.782373,12.445862,5.166128,2.07123,7.04615,7.509754,1.832892,8.412935,,,12.445862,5.166128,9.11738,9.342646
BCS,Aplaudieron al actor que llevó ese año al director a los óscars.,They applauded the actor that this year led the director to the Oscars.,SAA,3,5,6-7,8-9,10-12,29.497502,2.889317,5.780627,4.529705,5.591893,8.880289,5.665479,3.188478,5.842077,3.488956,2.729004,7.506103,,,5.591893,14.545768,9.030555,13.724063
BCS,Aplaudieron la película que llevó ese año al director a los óscars.,They applauded the film that this year led the director to the Oscars.,SIA,3,5,6-7,8-9,10-12,29.497502,2.073066,7.455148,3.985449,6.609051,8.870017,2.937858,2.021636,5.453097,2.321477,2.574236,6.439253,,,6.609051,11.807875,7.474733,11.334966
BCS,Aplaudieron al actor que llevó ese año el director a los óscars.,They applauded the actor that this year led the director to the Oscars.,OAA,3,5,6-7,8-9,10-12,29.497502,2.889317,5.780627,4.529705,5.591893,8.880289,5.665479,1.508502,8.731276,3.157885,2.929836,6.877521,,,5.591893,14.545768,10.239778,12.965242
BCS,Aplaudieron la película que llevó ese año el director a los óscars.,They applauded the film that the director this year led to the Oscars.,OIA,3,5,6-7,8-9,10-12,29.497502,2.073066,7.455148,3.985449,6.609051,8.870017,2.937858,1.411452,7.354691,2.917806,2.105681,6.476016,,,6.609051,11.807875,8.766143,11.499503
BCS,Conocían al abogado que ocultó premeditadamente al político del escándalo.,They knew the lawyer that with premeditation hid the politician from the scandal.,SAA,4,5,6,7-8,9-10,24.739559,3.221467,6.061575,2.328792,8.391635,15.211979,3.325899,7.834838,4.006318,8.684447,,,,,8.391635,15.211979,11.160737,12.690765
BCS,Conocían el informe que ocultó premeditadamente al político del escándalo.,They knew the report that with premeditation hid the politician from the scandal.,SIA,4,5,6,7-8,9-10,24.739559,2.510071,7.488471,3.510394,9.065742,16.166702,2.926682,9.488899,3.663969,9.344401,,,,,9.065742,16.166702,12.415581,13.00837
BCS,Conocían al abogado que ocultó premeditadamente el político del escándalo.,They knew the lawyer that with premeditation hid the politician from the scandal.,OAA,4,5,6,7-8,9-10,24.739559,3.221467,6.061575,2.328792,8.391635,15.211979,2.083418,12.928112,3.683285,7.323327,,,,,8.391635,15.211979,15.01153,11.006612
BCS,Conocían el informe que ocultó premeditadamente el político del escándalo.,They knew the report that with premeditation hid the politician from the scandal.,OIA,4,5,6,7-8,9-10,24.739559,2.510071,7.488471,3.510394,9.065742,16.166702,1.270823,9.72466,3.022323,10.019112,,,,,9.065742,16.166702,10.995483,13.041435
BCS,Los socios vieron al contable que censuró duramente al director en la junta.,The associates saw the accountant that harshly censured the director in the meeting.,SAA,5,7,8,9-10,11-13,9.450658,11.810264,9.689695,4.081521,10.788668,3.883205,11.464499,8.039627,2.585668,2.179035,4.600601,1.703588,3.271541,,11.464499,8.039627,4.764703,9.57573
BCS,Los socios vieron el documento que censuró duramente al director en la junta.,The associates saw the document that harshly censured the director in the meeting.,SIA,5,7,8,9-10,11-13,9.450658,11.810264,9.689695,2.131043,5.702653,3.150199,11.106478,10.47859,1.806684,3.416447,5.539086,2.529868,4.43341,,11.106478,10.47859,5.223131,12.502364
BCS,Los socios vieron al contable que censuró duramente el director en la junta.,The associates saw the accountant that the director harshly censured in the meeting.,OAA,5,7,8,9-10,11-13,9.450658,11.810264,9.689695,4.081521,10.788668,3.883205,11.464499,8.039627,3.253967,4.801954,4.613976,1.661119,3.176216,,11.464499,8.039627,8.055921,9.451311
BCS,Los socios vieron el documento que censuró duramente el director en la junta.,The associates saw the document that the director harshly censured in the meeting.,OIA,5,7,8,9-10,11-13,9.450658,11.810264,9.689695,2.131043,5.702653,3.150199,11.106478,10.47859,2.590486,4.394916,5.533253,2.397751,4.72234,,11.106478,10.47859,6.985402,12.653344
BCS,Aplaudieron al mecenas que sacó súbitamente al artista del anonimato.,They applauded the patron that quickly brought back the artist from anonymity.,SAA,6,5,6,7-8,9-10,29.497491,2.889323,11.957277,3.222077,6.495882,18.034488,2.380454,6.474237,2.454282,7.198109,,,,,6.495882,18.034488,8.854691,9.652391
BCS,Aplaudieron la escultura que sacó súbitamente al artista del anonimato.,They applauded the sculpture that quickly brought back the artist from anonymity.,SIA,6,5,6,7-8,9-10,29.497491,2.073077,9.904896,3.292006,8.762434,13.934458,2.861599,6.480038,3.00016,6.146447,,,,,8.762434,13.934458,9.341637,9.146607
BCS,Aplaudieron al mecenas que sacó súbitamente el artista del anonimato.,They applauded the patron that the artist quickly brought back from anonymity.,OAA,6,5,6,7-8,9-10,29.497491,2.889323,11.957277,3.222077,6.495882,18.034488,3.30832,6.935936,2.411671,6.919864,,,,,6.495882,18.034488,10.244256,9.331535
BCS,Aplaudieron la escultura que sacó súbitamente el artista del anonimato.,They applauded the sculpture that the artist quickly brought back from anonymity.,OIA,6,5,6,7-8,9-10,29.497491,2.073077,9.904896,3.292006,8.762434,13.934458,1.949087,4.599745,3.618217,8.932866,,,,,8.762434,13.934458,6.548832,12.551083
BCS,Denunciaron al cirujano que acusó en público al médico de calumniador.,They denounced the surgeon that overtly accused the doctor of being a slanderer.,SAA,7,5,6-7,8-9,10-11,22.725395,2.871612,9.448493,1.27217,6.440334,4.926253,4.885966,2.381489,3.150632,1.3903,18.831789,,,,6.440334,9.812219,5.532121,20.222089
BCS,Denunciaron el informe que acusó en público al médico de calumniador.,They denounced the report that overtly accused the doctor of being a slanderer.,SIA,7,5,6-7,8-9,10-11,22.725395,2.953038,7.02202,3.141085,6.643936,6.265854,7.392873,1.553373,6.193674,1.824644,15.046341,,,,6.643936,13.658727,7.747047,16.870985
BCS,Denunciaron al cirujano que acusó en público el médico de calumniador.,They denounced the surgeon that the doctor overtly accused of being a slanderer.,OAA,7,5,6-7,8-9,10-11,22.725395,2.871612,9.448493,1.27217,6.440334,4.926253,4.885966,4.862196,6.064652,1.416801,18.298721,,,,6.440334,9.812219,10.926848,19.715522
BCS,Denunciaron el informe que acusó en público el médico de calumniador.,They denounced the file that the doctor overtly accused of being a slanderer.,OIA,7,5,6-7,8-9,10-11,22.725395,2.953038,7.02202,3.141085,6.643936,6.265854,7.392873,5.602065,7.748723,1.68424,15.296797,,,,6.643936,13.658727,13.350788,16.981037
BCS,El banco apoyó al director que financiaba fuertemente al ejecutivo de inversiones.,The bank supported the director that strongly funded the executive of the investment fund.,SAA,8,7,8,9-10,11-12,8.349781,11.044102,10.472327,2.675834,5.201282,6.59854,9.743742,10.727838,3.012609,8.344049,1.127774,10.813678,,,9.743742,10.727838,11.356658,11.941452
BCS,El banco apoyó el proyecto que financiaba fuertemente al ejecutivo de inversiones.,The bank supported the plan that strongly funded the executive of the investment fund.,SIA,8,7,8,9-10,11-12,8.349781,11.044102,10.472327,1.91722,1.899289,3.726964,10.563118,11.437308,3.996186,6.746323,1.79296,10.396704,,,10.563118,11.437308,10.742509,12.189664
BCS,El banco apoyó al director que financiaba fuertemente el ejecutivo de inversiones.,The bank supported the director that the executive of the investment fund strongly funded.,OAA,8,7,8,9-10,11-12,8.349781,11.044102,10.472327,2.675834,5.201282,6.59854,9.743742,10.727838,2.120493,8.696632,1.226384,9.868132,,,9.743742,10.727838,10.817125,11.094516
BCS,El banco apoyó el proyecto que financiaba fuertemente el ejecutivo de inversiones.,The bank supported the project that the executive of the investment fund strongly funded.,OIA,8,7,8,9-10,11-12,8.349781,11.044102,10.472327,1.91722,1.899289,3.726964,10.563118,11.437308,2.018782,7.696866,1.736665,9.830674,,,10.563118,11.437308,9.715648,11.567339
BCS,Censuraron al periodista que denunció duramente al político a través de la radio.,They censored the journalist that directly denounced the politician through the radio.,SAA,9,5,6,7-8,9-13,29.796085,2.503757,4.37539,3.378925,3.250173,10.815202,2.218368,7.244415,5.436554,2.898925,0.045795,2.628177,3.35071,,3.250173,10.815202,9.462783,14.360161
BCS,Censuraron el programa que denunció duramente al político a través de la radio.,They censored the program that directly denounced the politician through the radio.,SIA,9,5,6,7-8,9-13,29.796085,2.586726,4.688869,4.386565,5.301657,11.558369,3.078384,7.310787,5.5925,3.75392,0.112685,1.776761,3.59754,,5.301657,11.558369,10.389171,14.833406
BCS,Censuraron al periodista que denunció duramente el político a través de la radio.,They censored the journalist that the politician directly denounced through the radio.,OAA,9,5,6,7-8,9-13,29.796085,2.503757,4.37539,3.378925,3.250173,10.815202,1.776401,10.701852,5.283435,3.691473,0.039704,2.704328,3.688926,,3.250173,10.815202,12.478253,15.407866
BCS,Censuraron el programa que denunció duramente el político a través de la radio.,They censored the program that the politician directly denounced through the radio.,OIA,9,5,6,7-8,9-13,29.796085,2.586726,4.688869,4.386565,5.301657,11.558369,1.519711,9.610418,4.928619,3.575421,0.082702,1.864887,3.502331,,5.301657,11.558369,11.130129,13.95396
BCS,Investigaron al testigo que señalaba claramente al asesino durante el juicio.,They investigated the witness that clearly signaled to the murderer during the judgement.,SAA,10,5,6,7-8,9-11,24.100803,4.470683,7.998897,2.1348,8.141896,10.056469,2.635453,2.188692,5.870662,0.980319,2.210187,,,,8.141896,10.056469,4.824145,9.061168
BCS,Investigaron la prueba que señalaba claramente al asesino durante el juicio.,They investigated the evidence that clearly pointed to the murderer during the judgement.,SIA,10,5,6,7-8,9-11,24.100803,1.659882,7.644597,4.134772,9.216537,9.219213,3.635511,4.96034,6.291864,1.391721,1.595959,,,,9.216537,9.219213,8.595851,9.279544
BCS,Investigaron al testigo que señalaba claramente el asesino durante el juicio.,They investigated the witness that the murderer clearly signalled to during the judgement.,OAA,10,5,6,7-8,9-11,24.100803,4.470683,7.998897,2.1348,8.141896,10.056469,2.878179,3.887653,6.171384,0.933868,2.314331,,,,8.141896,10.056469,6.765832,9.419583
BCS,Investigaron la prueba que señalaba claramente el asesino durante el juicio.,They investigated the evidence that the murderer clearly pointed to during the judgement.,OIA,10,5,6,7-8,9-11,24.100803,1.659882,7.644597,4.134772,9.216537,9.219213,2.543794,7.566429,6.427147,1.237305,1.716738,,,,9.216537,9.219213,10.110223,9.38119
BCS,Criticaron al político que superó ilegalmente al candidato en el partido.,They criticized the politician that illegally overcame the candidate in the party.,SAA,11,5,6,7-8,9-11,28.546439,5.755391,6.935776,3.229954,9.55441,8.531028,4.669093,2.16004,4.464597,2.06809,3.115346,,,,9.55441,8.531028,6.829133,9.648033
BCS,Criticaron la votación que superó ilegalmente al candidato en el partido.,They criticized the poll that illegally overcame the candidate in the party.,SIA,11,5,6,7-8,9-11,28.546439,4.216252,7.670926,3.901505,8.336234,8.376831,4.396642,5.084647,5.221504,1.705207,3.351455,,,,8.336234,8.376831,9.481289,10.278166
BCS,Criticaron al político que superó ilegalmente el candidato en el partido.,They criticized the politician that the candidate illegally overcame in the party.,OAA,11,5,6,7-8,9-11,28.546439,5.755391,6.935776,3.229954,9.55441,8.531028,1.742393,8.104319,3.684514,2.098014,3.120799,,,,9.55441,8.531028,9.846712,8.903327
BCS,Criticaron la votación que superó ilegalmente el candidato en el partido.,They criticized the poll that the candidate illegally overcame in the party.,OIA,11,5,6,7-8,9-11,28.546439,4.216252,7.670926,3.901505,8.336234,8.376831,1.186771,8.660095,5.179458,1.615825,3.26949,,,,8.336234,8.376831,9.846866,10.064773
BCS,Asaltaron al secretario que recogió esa tarde al ejecutivo en la estación.,They attacked the secretary that picked up the executive this afternoon at the station.,SAA,12,5,6-7,8-9,10-12,21.944643,3.390166,4.799801,6.616452,8.363789,9.449259,1.499942,3.681386,9.526641,2.531914,2.08989,5.324629,,,8.363789,10.949201,13.208027,9.946433
BCS,Asaltaron el coche que recogió esa tarde al ejecutivo en la estación.,They attacked the car that picked up the executive this afternoon at the station.,SIA,12,5,6-7,8-9,10-12,21.944643,3.628141,7.045137,4.102293,10.666456,10.365873,1.387067,1.720799,7.526059,3.215898,1.806351,4.960547,,,10.666456,11.75294,9.246858,9.982796
BCS,Asaltaron al secretario que recogió esa tarde el ejecutivo en la estación.,They attacked the secretary that the executive picked up this afternoon at the station.,OAA,12,5,6-7,8-9,10-12,21.944643,3.390166,4.799801,6.616452,8.363789,9.449259,1.499942,2.255523,11.261095,2.621644,2.064221,5.321433,,,8.363789,10.949201,13.516618,10.007298
BCS,Asaltaron el coche que recogió esa tarde el ejecutivo en la estación.,They attacked the car that the executive picked up this afternoon at the station.,OIA,12,5,6-7,8-9,10-12,21.944643,3.628141,7.045137,4.102293,10.666456,10.365873,1.387067,4.230519,8.21792,3.480998,1.829707,5.185069,,,10.666456,11.75294,12.448439,10.495774
BCS,El vecino vio al perro que destrozó por completo al motorista en el cruce.,The neighbour saw the dog that completely destroyed the motorist at the crossroads.,SAA,13,7,8-9,10-11,12-14,8.349781,11.959719,10.774157,3.753795,3.242531,3.10336,9.112025,6.171,2.110442,5.021792,14.163133,2.347372,2.299422,3.086098,9.112025,8.281442,19.184925,7.732892
BCS,El vecino vio el vehículo que destrozó por completo al motorista en el cruce.,The neighbour saw the car that completely destroyed the motorist at the crossroads.,SIA,13,7,8-9,10-11,12-14,8.349781,11.959719,10.774157,3.050263,5.840478,2.85858,8.697516,4.965272,2.076358,3.693493,7.362478,2.224467,2.079452,2.365625,8.697516,7.04163,11.055971,6.669544
BCS,El vecino vio al perro que destrozó por completo el motorista en el cruce.,The neighbour saw the dog that the motorist completely destroyed at the crossroads.,OAA,13,7,8-9,10-11,12-14,8.349781,11.959719,10.774157,3.753795,3.242531,3.10336,9.112025,6.171,2.110442,1.617513,14.335572,2.849442,2.015208,3.296033,9.112025,8.281442,15.953085,8.160683
BCS,El vecino vio el vehículo que destrozó por completo el motorista en el cruce.,The neighbour saw the car that the motorist completely destroyed at the crossroads.,OIA,13,7,8-9,10-11,12-14,8.349781,11.959719,10.774157,3.050263,5.840478,2.85858,8.697516,4.965272,2.076358,1.711445,12.516127,2.625998,2.057284,2.52251,8.697516,7.04163,14.227572,7.205792
BCS,La policía paró al conductor que remolcó ayer al camionero en la carretera.,The police stopped the driver that towed the trucker yesterday on the highway.,SAA,14,7,8,9-10,11-13,8.36027,10.769045,13.404656,3.171215,2.618323,2.455846,9.458548,9.099034,2.594768,5.03439,3.904568,2.174561,2.202513,,9.458548,9.099034,7.629158,8.281642
BCS,La policía paró el tractor que remolcó ayer al camionero en la carretera.,The police stopped the tractor that towed the trucker yesterday on the highway.,SIA,14,7,8,9-10,11-13,8.36027,10.769045,13.404656,2.550737,8.390308,1.74558,11.36158,8.271924,2.649759,7.309513,3.485935,1.928639,1.77882,,11.36158,8.271924,9.959272,7.193394
BCS,La policía paró al conductor que remolcó ayer el camionero en la carretera.,The police stopped the driver that the trucker towed yesterday on the highway.,OAA,14,7,8,9-10,11-13,8.36027,10.769045,13.404656,3.171215,2.618323,2.455846,9.458548,9.099034,3.455963,7.823967,3.998537,2.238456,2.168428,,9.458548,9.099034,11.27993,8.405421
BCS,La policía paró el tractor que remolcó ayer el camionero en la carretera.,The police stopped the tractor that towed the trucker yesterday on the highway.,OIA,14,7,8,9-10,11-13,8.36027,10.769045,13.404656,2.550737,8.390308,1.74558,11.36158,8.271924,2.622268,8.147836,3.768475,2.091734,1.774178,,11.36158,8.271924,10.770104,7.634387
BCS,La defensa aceptó al testigo que señalo rotundamente al terrorista durante el juicio.,The defence accepted the witness that signalled emphatically to the terrorist during the judgement.,SAA,15,7,8,9-10,11-13,8.36027,12.374772,10.500015,5.269289,7.462421,2.343217,11.668736,13.212395,2.287257,7.081694,6.697765,1.271343,1.392076,,11.668736,13.212395,9.368951,9.361184
BCS,La defensa aceptó la prueba que señalo rotundamente al terrorista durante el juicio.,The defence accepted the evidence that pointed emphatically to the terrorist during the judgement.,SIA,15,7,8,9-10,11-13,8.36027,12.374772,10.500015,1.552673,4.633968,3.813339,12.628169,14.616019,4.886266,9.139991,7.1186,1.450078,0.872129,,12.628169,14.616019,14.026257,9.440807
BCS,La defensa aceptó al testigo que señalo rotundamente el terrorista durante el juicio.,The defence accepted the witness that the terrorist emphatically signalled to during the judgement.,OAA,15,7,8,9-10,11-13,8.36027,12.374772,10.500015,5.269289,7.462421,2.343217,11.668736,13.212395,3.674793,9.416151,6.228081,1.281903,1.506446,,11.668736,13.212395,13.090944,9.01643
BCS,La defensa aceptó la prueba que señalo rotundamente el terrorista durante el juicio.,The defence accepted the evidence that the terrorist emphatically pointed to during the judgement.,OIA,15,7,8,9-10,11-13,8.36027,12.374772,10.500015,1.552673,4.633968,3.813339,12.628169,14.616019,3.888209,10.410006,7.101009,1.387523,0.929435,,12.628169,14.616019,14.298215,9.417967
BCS,Premiaron al asesor que llevó recientemente al candidato al éxito.,They rewarded the advisor that recently led the candidate to success.,SAA,16,5,6,7-8,9-10,25.974542,7.726647,10.702549,4.244241,5.809039,12.231719,2.558363,6.848761,4.058557,5.950208,,,,,5.809039,12.231719,9.407124,10.008765
BCS,Premiaron el programa que llevó recientemente al candidato al éxito.,They rewarded the programme that recently led the candidate to success.,SIA,16,5,6,7-8,9-10,25.974542,7.760143,4.73636,4.616371,6.351496,8.200992,2.28344,9.198314,3.961791,7.164959,,,,,6.351496,8.200992,11.481754,11.12675
BCS,Premiaron al asesor que llevó recientemente el candidato al éxito.,They rewarded the advisor that the candidate recently led to success.,OAA,16,5,6,7-8,9-10,25.974542,7.726647,10.702549,4.244241,5.809039,12.231719,2.612943,8.632129,4.202909,6.55451,,,,,5.809039,12.231719,11.245072,10.757419
BCS,Premiaron el programa que llevó recientemente el candidato al éxito.,They rewarded the programme that the candidate recently led to success,OIA,16,5,6,7-8,9-10,25.974542,7.760143,4.73636,4.616371,6.351496,8.200992,3.048323,7.369945,4.064872,7.852087,,,,,6.351496,8.200992,10.418268,11.916959
BCS,Vieron al anciano que arrolló súbitamente al joven durante el desfile.,They saw the old man that suddenly bumped into the youth during the parade.,SAA,17,5,6,7-8,9-11,20.949965,4.639817,7.682532,3.238841,12.945606,12.414135,2.71557,1.054024,7.02128,1.739129,3.417672,,,,12.945606,12.414135,3.769594,12.178081
BCS,Vieron el coche que arrolló súbitamente al joven durante el desfile.,They saw the car that suddenly ran into the youth during the parade.,SIA,17,5,6,7-8,9-11,20.949965,3.071759,8.231467,3.305359,10.636739,13.389729,2.615232,2.834347,5.760566,1.647789,2.736956,,,,10.636739,13.389729,5.449579,10.145311
BCS,Vieron al anciano que arrolló súbitamente el joven durante el desfile.,They saw the old man that the youth suddenly bumped into during the parade.,OAA,17,5,6,7-8,9-11,20.949965,4.639817,7.682532,3.238841,12.945606,12.414135,3.285509,4.796002,7.217456,1.657355,3.839085,,,,12.945606,12.414135,8.081511,12.713896
BCS,Vieron el coche que arrolló súbitamente el joven durante el desfile.,They saw the car that the youth suddenly bumped into during the parade.,OIA,17,5,6,7-8,9-11,20.949965,3.071759,8.231467,3.305359,10.636739,13.389729,4.044968,3.862647,5.721045,1.57673,2.843878,,,,10.636739,13.389729,7.907615,10.141653
BCS,Conocían al mecenas que promocionó ese año al arquitecto en la ciudad.,They knew the patron that promoted the architect this year in the city.,SAA,18,5,6-7,8-9,10-12,24.739559,3.221467,13.200359,2.831606,7.648481,8.831368,3.294271,3.531996,5.058695,4.955444,2.187119,3.644148,,,7.648481,12.125639,8.590691,10.786711
BCS,Conocían el edificio que promocionó ese año al arquitecto en la ciudad.,They knew the building that promoted the architect this year in the city.,SIA,18,5,6-7,8-9,10-12,24.739559,2.510071,7.194884,3.414728,14.044107,8.168206,2.49186,5.620565,5.850077,5.075995,2.101779,3.096162,,,14.044107,10.660066,11.470642,10.273936
BCS,Conocían al mecenas que promocionó ese año el arquitecto en la ciudad.,They knew the patron that the architect promoted this year in the city.,OAA,18,5,6-7,8-9,10-12,24.739559,3.221467,13.200359,2.831606,7.648481,8.831368,3.294271,1.638774,7.946596,5.098976,2.008871,2.568838,,,7.648481,12.125639,9.58537,9.676685
BCS,Conocían el edificio que promocionó ese año el arquitecto en la ciudad.,They knew the building that the architect promoted this year in the city.,OIA,18,5,6-7,8-9,10-12,24.739559,2.510071,7.194884,3.414728,14.044107,8.168206,2.49186,2.576333,5.805887,5.663761,2.044773,2.199101,,,14.044107,10.660066,8.38222,9.907635
BCS,Secuestraron al capitán que recogió aquella tarde al coronel en el aeródromo.,They kidnapped the captain that picked up the colonel this afternoon at the airport.,SAA,19,5,6-7,8-9,10-12,23.710712,2.701727,5.912877,4.0966,8.972087,10.986697,2.648694,2.310862,7.21014,3.08397,1.547338,5.141195,,,8.972087,13.635391,9.521002,9.772503
BCS,Secuestraron el avión que recogió aquella tarde al coronel en el aeródromo.,They hijacked the plane that picked up the colonel this afternoon at the airport.,SIA,19,5,6-7,8-9,10-12,23.710712,5.17323,6.075661,2.117981,8.285766,10.922455,1.541301,1.738678,6.303262,3.988532,1.162624,4.292175,,,8.285766,12.463756,8.04194,9.443331
BCS,Secuestraron al capitán que recogió aquella tarde el coronel en el aeródromo.,They kidnapped the captain that the colonel picked up this afternoon at the airport.,OAA,19,5,6-7,8-9,10-12,23.710712,2.701727,5.912877,4.0966,8.972087,10.986697,2.648694,3.53788,9.073676,3.396348,1.423688,4.455631,,,8.972087,13.635391,12.611556,9.275667
BCS,Secuestraron el avión que recogió aquella tarde el coronel en el aeródromo.,They hijacked the plane that the colonel picked up this afternoon at the airport.,OIA,19,5,6-7,8-9,10-12,23.710712,5.17323,6.075661,2.117981,8.285766,10.922455,1.541301,5.405756,6.225262,3.92545,1.193934,4.533676,,,8.285766,12.463756,11.631018,9.65306
BCS,El juez cronometró al aspirante que batió ampliamente al campeón en la carrera.,The judge timed the opponent that easily beat the champion in the race.,SAA,20,7,8,9-10,11-13,8.349781,10.38788,17.528439,4.233843,7.120706,3.179065,8.145424,12.731363,3.275695,3.99572,2.409928,1.16984,2.711325,,8.145424,12.731363,7.271415,6.291093
BCS,El juez cronometró la marca que batió ampliamente al campeón en la carrera.,The judge timed the record that easily beat the champion in the race.,SIA,20,7,8,9-10,11-13,8.349781,10.38788,17.528439,1.70723,8.864109,4.11552,6.653356,14.454531,5.959687,4.55379,3.125357,1.116559,2.130799,,6.653356,14.454531,10.513477,6.372715
BCS,El juez cronometró al aspirante que batió ampliamente el campeón en la carrera.,The judge timed the opponent that the champion easily beat in the race.,OAA,20,7,8,9-10,11-13,8.349781,10.38788,17.528439,4.233843,7.120706,3.179065,8.145424,12.731363,0.49661,12.520203,2.447196,1.083248,2.801507,,8.145424,12.731363,13.016813,6.331951
BCS,El juez cronometró la marca que batió ampliamente el campeón en la carrera.,The judge timed the record that the champion easily beat in the race.,OIA,20,7,8,9-10,11-13,8.349781,10.38788,17.528439,1.70723,8.864109,4.11552,6.653356,14.454531,1.342124,3.883223,3.349345,1.085953,2.324858,,6.653356,14.454531,5.225347,6.760156
BCS,Luis defendió al abogado que confundió esa mañana al director del Banco.,Luis defended the lawyer that confused the director of the bank this morning.,SAA,21,6,7-8,9-10,11-12,11.220428,17.934974,3.300503,7.155877,2.33926,8.785649,9.246932,5.869278,2.59826,5.314157,1.325631,5.240367,,,8.785649,15.11621,7.912417,6.565998
BCS,Luis defendió el presupuesto que confundió esa mañana al director del Banco.,Luis defended the budget that confused the director of the bank this morning.,SIA,21,6,7-8,9-10,11-12,11.220428,17.934974,1.992268,6.239817,2.597406,14.404393,10.339224,4.323115,3.537287,6.159147,1.65762,3.977917,,,14.404393,14.662339,9.696434,5.635537
BCS,Luis defendió al abogado que confundió esa mañana el director del Banco.,Luis defended the lawyer that the director of the bank mistook this morning.,OAA,21,6,7-8,9-10,11-12,11.220428,17.934974,3.300503,7.155877,2.33926,8.785649,9.246932,5.869278,3.363397,7.081197,1.768712,5.281347,,,8.785649,15.11621,10.444594,7.050059
BCS,Luis defendió el presupuesto que confundió esa mañana el director del Banco.,Luis defended the budget that the director of the bank mistook this morning.,OIA,21,6,7-8,9-10,11-12,11.220428,17.934974,1.992268,6.239817,2.597406,14.404393,10.339224,4.323115,3.116481,4.639183,1.745257,3.585385,,,14.404393,14.662339,7.755664,5.330642
BCS,El cirujano operó al policía que salvó finalmente al joven de la muerte.,The surgeon operated on the policeman that finally saved the youth from death.,SAA,22,7,8,9-10,11-13,8.349781,10.99694,10.159526,2.90608,7.091853,1.651265,5.245071,12.432611,3.169516,3.410556,2.199803,1.043449,2.331093,,5.245071,12.432611,6.580072,5.574345
BCS,El cirujano operó el riñón que salvó finalmente al joven de la muerte.,The surgeon operated on the kidney that finally saved the youth from death.,SIA,22,7,8,9-10,11-13,8.349781,10.99694,10.159526,2.907345,5.301749,4.053286,7.165121,12.726788,3.419442,3.306234,1.812279,1.46205,0.538858,,7.165121,12.726788,6.725676,3.813187
BCS,El cirujano operó al policía que salvó finalmente el joven de la muerte.,The surgeon operated on the policeman that the youth finally saved from death.,OAA,22,7,8,9-10,11-13,8.349781,10.99694,10.159526,2.90608,7.091853,1.651265,5.245071,12.432611,3.59584,4.705761,2.255817,0.933362,1.46056,,5.245071,12.432611,8.301601,4.649739
BCS,El cirujano operó el riñón que salvó finalmente el joven de la muerte.,The surgeon operated on the kidney that the youth finally saved from death.,OIA,22,7,8,9-10,11-13,8.349781,10.99694,10.159526,2.907345,5.301749,4.053286,7.165121,12.726788,3.698133,3.988742,1.845479,1.010142,0.312722,,7.165121,12.726788,7.686875,3.168343
BCS,Vitorearon al boxeador que tiró duramente al aspirante en el cuadrilátero.,They cheered the boxer that harshly knocked down the candidate in the ring.,SAA,23,5,6,7-8,9-11,35.910775,8.844969,13.199471,3.20454,8.663468,11.194464,2.382101,8.127817,4.47423,1.478955,5.730409,,,,8.663468,11.194464,10.509918,11.683594
BCS,Vitorearon el golpe que tiró duramente al aspirante en el cuadrilátero.,They cheered the hit that harshly knocked down the candidate in the ring.,SIA,23,5,6,7-8,9-11,35.910775,10.115605,8.80634,4.36405,7.92798,12.196718,2.11641,8.085074,5.033675,1.612713,9.724974,,,,7.92798,12.196718,10.201484,16.371362
BCS,Vitorearon al boxeador que tiró duramente el aspirante en el cuadrilátero.,They cheered the boxer that the candidate harshly knocked down in the ring.,OAA,23,5,6,7-8,9-11,35.910775,8.844969,13.199471,3.20454,8.663468,11.194464,3.656991,10.580312,4.859406,1.519476,6.097181,,,,8.663468,11.194464,14.237303,12.476063
BCS,Vitorearon el golpe que tiró duramente el aspirante en el cuadrilátero.,They cheered the hit that the candidate harshly launched in the ring,OIA,23,5,6,7-8,9-11,35.910775,10.115605,8.80634,4.36405,7.92798,12.196718,3.683693,8.603219,4.631739,1.532495,9.978346,,,,7.92798,12.196718,12.286912,16.14258
BCS,La competencia manipuló al piloto que superó ampliamente al campeón en la final.,The competition affected the pilot that easily overcame the champion in the final.,SAA,24,7,8,9-10,11-13,8.36027,11.657559,16.082964,2.743561,8.440703,4.009543,6.861593,9.96309,1.602288,3.444045,2.472476,1.439113,4.475182,,6.861593,9.96309,5.046333,8.386771
BCS,La competencia manipuló el coche que superó ampliamente al campeón en la final.,The competition affected the car that easily overcame the champion in the final.,SIA,24,7,8,9-10,11-13,8.36027,11.657559,16.082964,1.947551,10.477815,2.725449,8.934337,9.920188,1.411018,5.181363,2.418685,1.273196,4.757141,,8.934337,9.920188,6.592381,8.449022
BCS,La competencia manipuló al piloto que superó ampliamente el campeón en la final.,The competition affected the pilot that the champion easily overcame in the final.,OAA,24,7,8,9-10,11-13,8.36027,11.657559,16.082964,2.743561,8.440703,4.009543,6.861593,9.96309,3.040811,6.368992,2.479688,1.27459,4.278533,,6.861593,9.96309,9.409803,8.032811
BCS,La competencia manipuló el coche que superó ampliamente el campeón en la final.,The competition affected the car that the champion easily overcame in the final.,OIA,24,7,8,9-10,11-13,8.36027,11.657559,16.082964,1.947551,10.477815,2.725449,8.934337,9.920188,2.910717,6.157295,2.403909,1.090891,4.521675,,8.934337,9.920188,9.068012,8.016475
BCS,La audiencia ovacionó al solista que llevó ese año al director al certamen.,The audience applauded the soloist that took the director to the competition this year.,SAA,25,7,8-9,10-11,12-13,8.36027,13.811556,13.9039,2.102559,8.077943,4.337515,5.687434,7.966734,4.213028,2.628339,6.198114,5.084673,8.981291,,5.687434,12.179762,8.826453,14.065964
BCS,La audiencia ovacionó la sonata que llevó ese año al director al certamen.,The audience applauded the sonata that took the director to the competition this year.,SIA,25,7,8-9,10-11,12-13,8.36027,13.811556,13.9039,2.114404,11.959874,2.751533,6.636818,7.701482,3.97591,2.553239,5.859729,4.348258,6.070768,,6.636818,11.677392,8.412968,10.419026
BCS,La audiencia ovacionó al solista que llevó ese año el director al certamen.,The audience applauded the soloist that the director took to the competition this year.,OAA,25,7,8-9,10-11,12-13,8.36027,13.811556,13.9039,2.102559,8.077943,4.337515,5.687434,7.966734,4.213028,1.058263,9.126926,6.597151,7.179639,,5.687434,12.179762,10.185189,13.77679
BCS,La audiencia ovacionó la sonata que llevó ese año el director al certamen.,The audience applauded the sonata that the director took to the competition this year.,OIA,25,7,8-9,10-11,12-13,8.36027,13.811556,13.9039,2.114404,11.959874,2.751533,6.636818,7.701482,3.97591,1.297604,3.345104,5.434561,7.962574,,6.636818,11.677392,4.642708,13.397135
BCS,El reportero conocía al abogado que salvó finalmente al millonario de la ruina.,The journalist knew the lawyer that finally saved the millionaire from the crash.,SAA,26,7,8,9-10,11-13,8.349781,14.70822,10.1768,3.224211,5.734779,2.895394,8.047305,11.40349,2.409286,6.530234,2.479065,1.23598,5.195312,,8.047305,11.40349,8.93952,8.910357
BCS,El reportero conocía la inversión que salvó finalmente al millonario de la ruina.,The journalist knew the investment that finally saved the millionaire from the crash.,SIA,26,7,8,9-10,11-13,8.349781,14.70822,10.1768,1.862374,8.927169,2.314645,11.498495,10.650361,2.546125,6.834119,2.588685,1.190354,2.098791,,11.498495,10.650361,9.380244,5.87783
BCS,El reportero conocía al abogado que salvó finalmente el millonario de la ruina.,The journalist knew the lawyer that the millionaire finally saved from the crash.,OAA,26,7,8,9-10,11-13,8.349781,14.70822,10.1768,3.224211,5.734779,2.895394,8.047305,11.40349,2.918004,8.013093,4.84092,2.045306,3.928781,,8.047305,11.40349,10.931097,10.815007
BCS,El reportero conocía la inversión que salvó finalmente el millonario de la ruina.,The journalist knew the investment that the millionaire finally saved from the crash.,OIA,26,7,8,9-10,11-13,8.349781,14.70822,10.1768,1.862374,8.927169,2.314645,11.498495,10.650361,1.80408,8.981448,5.85109,1.43472,2.08856,,11.498495,10.650361,10.785528,9.37437
BCS,El botones reconoció al policía que descubrió súbitamente al espía en el hotel.,The bellboy recognized the policeman that discovered the spy by chance in the hotel.,SAA,27,7,8,9-10,11-13,8.349781,14.844089,13.668168,2.78215,5.309918,1.786145,6.806915,12.866851,3.644455,8.024364,2.325026,1.405869,3.189692,,6.806915,12.866851,11.668819,6.920587
BCS,El botones reconoció la firma que descubrió súbitamente al espía en el hotel.,The bellboy recognized the signature that revealed the spy by chance in the hotel.,SIA,27,7,8,9-10,11-13,8.349781,14.844089,13.668168,2.21979,5.699377,4.524551,8.760469,11.400204,4.696444,9.687527,2.745426,1.400777,4.315641,,8.760469,11.400204,14.383971,8.461844
BCS,El botones reconoció al policía que descubrió súbitamente el espía en el hotel.,The bellboy recognized the policeman that the spy discovered by chance in the hotel.,OAA,27,7,8,9-10,11-13,8.349781,14.844089,13.668168,2.78215,5.309918,1.786145,6.806915,12.866851,2.369287,8.656036,2.153247,1.398818,3.055351,,6.806915,12.866851,11.025323,6.607416
BCS,El botones reconoció la firma que descubrió súbitamente el espía en el hotel.,The bellboy recognized the signature that the spy discovered by chance in the hotel.,OIA,27,7,8,9-10,11-13,8.349781,14.844089,13.668168,2.21979,5.699377,4.524551,8.760469,11.400204,3.025751,8.412107,2.673753,1.269374,5.432111,,8.760469,11.400204,11.437858,9.375238
BCS,El jurado eligió al vocalista que llevó justamente al grupo al premio final.,The committee chose the vocalist that led the band justly to the final prize.,SAA,28,7,8,9-10,11-13,8.349781,13.155262,6.96642,2.90393,10.520145,4.762585,6.800561,11.825921,2.178685,1.208378,1.386557,5.696318,8.115707,,6.800561,11.825921,3.387063,15.198582
BCS,El jurado eligió la canción que llevó justamente al grupo al premio final.,The committee chose the song that led the band justly to the final prize.,SIA,28,7,8,9-10,11-13,8.349781,13.155262,6.96642,2.717614,3.684986,3.460041,8.146691,12.550569,1.660214,3.509166,2.709931,5.681392,4.960507,,8.146691,12.550569,5.16938,13.35183
BCS,El jurado eligió al vocalista que llevó justamente el grupo al premio final.,The committee chose the vocalist that the band led justly to the final prize.,OAA,28,7,8,9-10,11-13,8.349781,13.155262,6.96642,2.90393,10.520145,4.762585,6.800561,11.825921,1.966142,5.060061,1.628161,6.959233,8.785401,,6.800561,11.825921,7.026203,17.372795
BCS,El jurado eligió la canción que llevó justamente el grupo al premio final.,The committee chose the song that the band led justly to the final prize.,OIA,28,7,8,9-10,11-13,8.349781,13.155262,6.96642,2.717614,3.684986,3.460041,8.146691,12.550569,2.074469,5.520002,4.154682,5.704717,5.435166,,8.146691,12.550569,7.594471,15.294565
BCS,Tiraron tomates al secretario que llevaba esa tarde al diplomático al mitin.,They threw tomatoes at the secretary that took the diplomat to the rally this afternoon.,SAA,29,6,7-8,9-10,11-12,24.184506,15.377398,4.951499,14.077052,5.716206,6.08585,8.140613,4.561194,3.372852,11.095827,4.764421,8.552003,,,6.08585,12.701807,14.468679,13.316424
BCS,Tiraron tomates al coche que llevaba esa tarde al diplomático al mitin.,They threw tomatoes at the car that took the diplomat to the rally this afternoon.,SIA,29,6,7-8,9-10,11-12,24.184506,15.377398,4.951499,10.817177,5.926223,3.886815,9.210017,1.988474,2.68959,12.987779,4.668159,9.596273,,,3.886815,11.198491,15.677369,14.264432
BCS,Tiraron tomates al secretario que llevaba esa tarde el diplomático al mitin.,They threw tomatoes at the secretary that the diplomat took to the rally this afternoon.,OAA,29,6,7-8,9-10,11-12,24.184506,15.377398,4.951499,14.077052,5.716206,6.08585,8.140613,4.561194,2.404636,9.072206,4.954991,8.636426,,,6.08585,12.701807,11.476842,13.591417
BCS,Tiraron tomates al coche que llevaba esa tarde el diplomático al mitin.,They threw tomatoes at the car that the diplomat carried to the rally this afternoon.,OIA,29,6,7-8,9-10,11-12,24.184506,15.377398,4.951499,10.817177,5.926223,3.886815,9.210017,1.988474,5.045236,9.854594,4.21666,9.197546,,,3.886815,11.198491,14.89983,13.414206
BCS,Denunciaron al millonario que apoyó económicamente al equipo de inversores.,They denounced the millionaire that economically supported the team of investors.,SAA,30,5,6,7-8,9-10,22.725395,2.871612,9.920063,3.949208,8.346984,8.819503,1.693243,5.721525,0.851461,11.99449,,,,,8.346984,8.819503,7.414768,12.845951
BCS,Denunciaron el presupuesto que apoyó económicamente al equipo de inversores.,They denounced the budget that economically supported the team of investors.,SIA,30,5,6,7-8,9-10,22.725395,2.953038,8.13855,3.536188,9.072904,9.21313,2.165596,5.2965,0.654263,11.136654,,,,,9.072904,9.21313,7.462096,11.790917
BCS,Denunciaron al millonario que apoyó económicamente el equipo de inversores.,They denounced the millionaire that the team of investors economically supported.,OAA,30,5,6,7-8,9-10,22.725395,2.871612,9.920063,3.949208,8.346984,8.819503,2.547516,7.365387,0.779273,11.858407,,,,,8.346984,8.819503,9.912903,12.63768
BCS,Denunciaron el presupuesto que apoyó económicamente el equipo de inversores.,They denounced the budget that the team of investors economically supported.,OIA,30,5,6,7-8,9-10,22.725395,2.953038,8.13855,3.536188,9.072904,9.21313,2.190624,7.694966,0.680053,11.15544,,,,,9.072904,9.21313,9.88559,11.835493
BCS,El reportero conocía al político que captó rápidamente al público en el mitin.,The reporter knew the politician that quickly captured the attention of the audience at the rally.,SAA,31,7,8,9-10,11-13,8.349781,14.70822,10.1768,3.224211,5.76813,3.511977,8.866325,10.191166,3.978643,4.685352,2.810918,2.22415,6.196537,,8.866325,10.191166,8.663995,11.231605
BCS,El reportero conocía el discurso que captó rápidamente al público en el mitin.,The reporter knew the speech that quickly captured the attention of the audience at the rally.,SIA,31,7,8,9-10,11-13,8.349781,14.70822,10.1768,2.171169,6.004775,2.388914,12.33388,6.562832,3.410948,1.38774,3.142641,2.016798,5.983378,,12.33388,6.562832,4.798688,11.142817
BCS,El reportero conocía al político que captó rápidamente el público en el mitin.,The reporter knew the politician that the audience quickly captured the attention of at the rally.,OAA,31,7,8,9-10,11-13,8.349781,14.70822,10.1768,3.224211,5.76813,3.511977,8.866325,10.191166,3.360797,6.152955,2.908328,1.744808,5.012802,,8.866325,10.191166,9.513752,9.665938
BCS,El reportero conocía el discurso que captó rápidamente el público en el mitin.,The reporter knew the speech that the audience quickly grasped at the rally.,OIA,31,7,8,9-10,11-13,8.349781,14.70822,10.1768,2.171169,6.004775,2.388914,12.33388,6.562832,2.037539,2.594981,3.206565,1.713188,5.416655,,12.33388,6.562832,4.63252,10.336408
BCS,El público aplaudió al jugador que superó fácilmente al defensa en el partido.,The audience applauded the player that easily overcame the defence at the match.,SAA,32,7,8,9-10,11-13,8.349777,10.901053,8.889804,2.896918,6.81301,3.03182,6.443533,8.638694,1.815125,5.599263,2.980299,1.375483,2.531958,,6.443533,8.638694,7.414388,6.88774
BCS,El público aplaudió la jugada que superó fácilmente al defensa en el partido.,The audience applauded the movement that easily overcame the defence at the match.,SIA,32,7,8,9-10,11-13,8.349781,10.90106,8.889811,2.101232,7.879878,3.234676,8.255762,7.54587,1.817141,4.772942,3.7873,1.51452,3.313543,,8.255762,7.54587,6.590083,8.615363
BCS,El público aplaudió al jugador que superó fácilmente el defensa en el partido.,The audience applauded the player that the defence easily overcame at the match.,OAA,32,7,8,9-10,11-13,8.349777,10.901053,8.889804,2.896918,6.81301,3.03182,6.443533,8.638694,2.098477,7.984431,2.692908,1.408292,2.626735,,6.443533,8.638694,10.082908,6.727935
BCS,El público aplaudió la jugada que superó fácilmente el defensa en el partido.,The audience applauded the movement that the defence easily overcame at the match.,OIA,32,7,8,9-10,11-13,8.349781,10.90106,8.889811,2.101232,7.879878,3.234676,8.255762,7.54587,2.134165,5.680055,3.770288,1.454301,3.231828,,8.255762,7.54587,7.81422,8.456417
BCS,Encontraron al terrorista que disparó violentamente al policía en el atentado.,They found the terrorist that violently shot the policeman in the attack.,SAA,33,5,6,7-8,9-11,21.268551,4.008976,6.775348,1.303935,3.345811,9.864975,2.754988,2.047332,1.487219,2.438175,7.436623,,,,3.345811,9.864975,4.80232,11.362017
BCS,Encontraron el arma que disparó violentamente al policía en el atentado.,They found the weapon that violently shot the policeman in the attack.,SIA,33,5,6,7-8,9-11,21.268574,2.699899,4.560671,1.667442,2.779928,13.000542,1.889318,3.459194,2.154682,2.419954,7.36703,,,,2.779928,13.000542,5.348512,11.941666
BCS,Encontraron al terrorista que disparó violentamente el policía en el atentado.,They found the terrorist that the police violently shot in the attack.,OAA,33,5,6,7-8,9-11,21.268551,4.008976,6.775348,1.303935,3.345811,9.864975,5.482953,5.884928,1.38354,2.484511,7.269977,,,,3.345811,9.864975,11.367881,11.138028
BCS,Encontraron el arma que disparó violentamente el policía en el atentado.,They found the weapon that the police violently shot in the attack.,OIA,33,5,6,7-8,9-11,21.268574,2.699899,4.560671,1.667442,2.779928,13.000542,4.515505,4.945915,2.038477,2.124923,5.869851,,,,2.779928,13.000542,9.46142,10.033251
BCS,Vieron al camionero que empujó brutalmente al conductor fuera de la vía.,They saw the trucker that brutally pushed the driver out of the way.,SAA,34,5,6,7-8,9-12,20.949965,4.639817,10.228908,2.77171,8.388195,8.959153,1.883278,2.968484,7.805047,0.666687,1.309903,3.808555,,,8.388195,8.959153,4.851762,13.590192
BCS,Vieron al coche que empujó brutalmente al conductor fuera de la vía.,They saw the car that brutally pushed the driver out of the way.,SIA,34,5,6,7-8,9-12,20.949965,4.639817,8.362964,2.770797,9.488469,9.631715,1.973076,2.480989,6.77284,0.205202,0.807873,2.392385,,,9.488469,9.631715,4.454065,10.1783
BCS,Vieron al camionero que empujó brutalmente el conductor fuera de la vía.,They saw the trucker that the driver brutally pushed out of the way.,OAA,34,5,6,7-8,9-12,20.949965,4.639817,10.228908,2.77171,8.388195,8.959153,3.973093,5.398395,7.230931,0.732045,1.277831,3.840499,,,8.388195,8.959153,9.371488,13.081306
BCS,Vieron al coche que empujó brutalmente el conductor fuera de la vía.,They show the car that the driver brutally pushed out of the way.,OIA,34,5,6,7-8,9-12,20.949965,4.639817,8.362964,2.770797,9.488469,9.631715,4.279783,3.296293,6.596388,0.285775,0.58873,2.472668,,,9.488469,9.631715,7.576076,9.943561
BCS,Acabaron con el soplón que descubrió sagazmente al agente de seguridad nacional.,They finished with the informer that astutely discovered the agent of national security.,SAA,35,6,7,8-9,10-12,22.407659,4.163292,1.603314,11.826227,2.221649,5.978929,15.959947,2.696355,4.75761,1.557235,3.598963,6.454888,,,5.978929,15.959947,7.453965,11.611086
BCS,Acabaron con la conspiración que descubrió sagazmente al agente de seguridad nacional.,They finished with the conspiracy that astutely revealed the agent of national security.,SIA,35,6,7,8-9,10-12,22.407659,4.163292,1.342203,7.759154,3.455323,8.189901,14.82998,4.891966,4.98888,1.459166,3.608621,4.488884,,,8.189901,14.82998,9.880846,9.556671
BCS,Acabaron con el soplón que descubrió sagazmente el agente de seguridad nacional.,They finished with the informer that the agent of national security astutely discovered.,OAA,35,6,7,8-9,10-12,22.407659,4.163292,1.603314,11.826227,2.221649,5.978929,15.959947,2.106032,7.393498,1.799108,3.707886,5.854056,,,5.978929,15.959947,9.49953,11.36105
BCS,Acabaron con la conspiración que descubrió sagazmente el agente de seguridad nacional.,They finished with the conspiracy that the agent of national security astutely discovered.,OIA,35,6,7,8-9,10-12,22.407659,4.163292,1.342203,7.759154,3.455323,8.189901,14.82998,1.461582,5.409476,1.665103,3.899773,3.59417,,,8.189901,14.82998,6.871058,9.159046
BCS,Promocionaron al novato que ganó esa semana al ajedrecista en el campeonato.,They promoted the rookie that beat the chess player in the championship this week.,SAA,36,5,6-7,8-9,10-12,28.778977,4.252984,11.112846,4.286003,4.197299,9.36764,3.421361,4.507069,12.680132,4.323916,1.696978,2.886654,,,4.197299,12.789001,17.187201,8.907548
BCS,Promocionaron el ordenador que ganó esa semana el ajedrecista en el campeonato.,They promoted the computer that beat the chess player in the championship this week.,SIA,36,5,6-7,8-9,10-12,28.778977,1.90451,13.049573,4.270731,6.736724,9.564276,3.231954,1.73987,10.196377,4.61949,1.661447,2.796584,,,6.736724,12.79623,11.936247,9.077521
BCS,Promocionaron al novato que ganó esa semana el ajedrecista en el campeonato.,They promoted the rookie that the chess player beat this week in the championship.,OAA,36,5,6-7,8-9,10-12,28.778977,4.252984,11.112846,4.286003,4.197299,9.36764,3.421361,2.023707,13.984767,4.749211,1.879068,3.073558,,,4.197299,12.789001,16.008474,9.701837
BCS,Promocionaron el ordenador que ganó esa semana al ajedrecista en el campeonato.,They promoted the computer that the chess player beat this week in the championship.,OIA,36,5,6-7,8-9,10-12,28.778977,1.90451,13.049573,4.270731,6.736724,9.564276,3.231954,3.85413,12.634073,4.041625,1.666046,2.668109,,,6.736724,12.79623,16.488203,8.37578
